{"stat.useItem.minecraft.bow":17,"stat.useItem.minecraft.painting":7,"stat.leaveGame":4,"stat.craftItem.minecraft.iron_axe":2,"stat.useItem.minecraft.soul_sand":32,"stat.killEntity.Blaze":9,"stat.useItem.minecraft.glowstone":8,"stat.killEntity.PigZombie":18,"stat.useItem.minecraft.planks":11,"stat.mineBlock.minecraft.web":3,"stat.entityKilledBy.PigZombie":2,"stat.useItem.minecraft.water_bucket":26,"stat.mineBlock.minecraft.stone_brick_stairs":7,"stat.mineBlock.minecraft.nether_brick_fence":4,"stat.useItem.minecraft.golden_sword":6,"stat.craftItem.minecraft.stone_axe":3,"stat.mineBlock.minecraft.wooden_slab":165,"stat.craftItem.minecraft.stone_sword":1,"stat.craftItem.minecraft.iron_shovel":3,"achievement.buildPickaxe":14,"stat.mineBlock.minecraft.sand":43,"stat.killEntity.Witch":4,"achievement.buildBetterPickaxe":14,"stat.useItem.minecraft.iron_pickaxe":1030,"stat.craftItem.minecraft.wooden_pickaxe":2,"stat.useItem.minecraft.iron_shovel":607,"stat.craftItem.minecraft.glass_pane":64,"stat.useItem.minecraft.oak_stairs":72,"stat.furnaceInteraction":236,"stat.useItem.minecraft.nether_wart":12,"stat.mineBlock.minecraft.rail":10,"achievement.mineWood":402,"stat.useItem.minecraft.stone_stairs":52,"achievement.openInventory":523,"stat.useItem.minecraft.flint_and_steel":1,"stat.useItem.minecraft.wheat_seeds":83,"stat.useItem.minecraft.dye":9,"stat.mineBlock.minecraft.soul_sand":39,"stat.mineBlock.minecraft.oak_stairs":60,"stat.deaths":6,"stat.playOneMinute":679269,"stat.craftItem.minecraft.wooden_shovel":2,"stat.craftItem.minecraft.iron_pickaxe":4,"stat.mineBlock.minecraft.tallgrass":171,"stat.chestOpened":562,"stat.craftItem.minecraft.sign":27,"stat.useItem.minecraft.stone":61,"stat.mineBlock.minecraft.netherrack":243,"stat.killEntity.Ghast":1,"stat.craftItem.minecraft.coal":3,"stat.fallOneCm":42762,"stat.crouchOneCm":98146,"stat.mineBlock.minecraft.chest":11,"stat.craftItem.minecraft.iron_ingot":34,"stat.craftItem.minecraft.chest":18,"stat.craftingTableInteraction":129,"stat.useItem.minecraft.furnace":39,"stat.mineBlock.minecraft.gravel":119,"stat.useItem.minecraft.stone_pickaxe":676,"stat.breakItem.minecraft.stone_axe":1,"stat.mineBlock.minecraft.glass":7,"stat.craftItem.minecraft.iron_leggings":1,"stat.craftItem.minecraft.oak_stairs":60,"stat.mineBlock.minecraft.dirt":840,"stat.useItem.minecraft.iron_bars":16,"stat.useItem.minecraft.torch":149,"stat.useItem.minecraft.bread":29,"stat.craftItem.minecraft.redstone_block":1,"stat.craftItem.minecraft.stone_stairs":88,"stat.useItem.minecraft.log":5,"stat.useItem.minecraft.cobblestone":204,"stat.craftItem.minecraft.crafting_table":10,"stat.useItem.minecraft.gravel":8,"stat.mineBlock.minecraft.double_plant":2,"stat.craftItem.minecraft.brewing_stand":1,"stat.useItem.minecraft.glass_pane":52,"stat.breakItem.minecraft.stone_shovel":1,"stat.craftItem.minecraft.bucket":5,"stat.craftItem.minecraft.planks":943,"stat.useItem.minecraft.iron_sword":174,"stat.itemEnchanted":1,"stat.useItem.minecraft.stonebrick":989,"stat.mineBlock.minecraft.log":404,"stat.useItem.minecraft.stone_hoe":38,"achievement.acquireIron":4,"stat.useItem.minecraft.brewing_stand":1,"stat.useItem.minecraft.iron_axe":403,"stat.mineBlock.minecraft.cobblestone":90,"stat.mineBlock.minecraft.yellow_flower":8,"stat.craftItem.minecraft.stone_brick_stairs":16,"stat.mineBlock.minecraft.brown_mushroom":7,"stat.swimOneCm":20211,"stat.climbOneCm":48283,"achievement.buildWorkBench":20,"stat.breakItem.minecraft.iron_pickaxe":3,"stat.useItem.minecraft.dirt":527,"achievement.exploreAllBiomes":{"value":0,"progress":["ForestHills","Forest","River","Plains","Hell"]},"stat.craftItem.minecraft.furnace":19,"stat.craftItem.minecraft.iron_boots":1,"stat.craftItem.minecraft.stone_pickaxe":9,"stat.craftItem.minecraft.bow":1,"stat.mineBlock.minecraft.clay":53,"stat.mineBlock.minecraft.redstone_block":3,"stat.useItem.minecraft.stone_shovel":208,"stat.flyOneCm":68736,"stat.craftItem.minecraft.wooden_slab":528,"stat.mineBlock.minecraft.iron_ore":30,"stat.timeSinceDeath":46554,"stat.useItem.minecraft.sign":10,"stat.useItem.minecraft.wooden_slab":477,"stat.craftItem.minecraft.stonebrick":1328,"stat.useItem.minecraft.potato":4,"stat.useItem.minecraft.cooked_porkchop":5,"stat.mineBlock.minecraft.coal_ore":16,"stat.mineBlock.minecraft.nether_brick":158,"stat.killEntity.Creeper":3,"stat.craftItem.minecraft.stone_hoe":3,"stat.mineBlock.minecraft.ladder":14,"achievement.buildSword":4,"stat.sprintOneCm":118216,"stat.mineBlock.minecraft.stone_slab":161,"stat.craftItem.minecraft.stick":312,"stat.useItem.minecraft.stone_slab":452,"stat.craftItem.minecraft.stone":1402,"stat.mineBlock.minecraft.crafting_table":10,"stat.useItem.minecraft.carrot":9,"stat.useItem.minecraft.wooden_shovel":84,"stat.useItem.minecraft.bucket":36,"stat.entityKilledBy.Creeper":3,"achievement.killEnemy":42,"achievement.buildFurnace":34,"stat.mineBlock.minecraft.planks":11,"stat.drop":19,"stat.breakItem.minecraft.iron_shovel":1,"stat.useItem.minecraft.ladder":70,"stat.killEntity.Zombie":8,"stat.craftItem.minecraft.dye":9,"stat.diveOneCm":27483,"stat.craftItem.minecraft.ladder":72,"stat.craftItem.minecraft.cooked_porkchop":9,"stat.useItem.minecraft.apple":2,"stat.useItem.minecraft.rotten_flesh":1,"stat.jump":2394,"stat.useItem.minecraft.sand":1,"stat.useItem.minecraft.stone_axe":260,"stat.craftItem.minecraft.bread":10,"stat.craftItem.minecraft.torch":140,"stat.craftItem.minecraft.iron_helmet":1,"stat.useItem.minecraft.glass":7,"stat.mineBlock.minecraft.iron_bars":1,"stat.craftItem.minecraft.flint_and_steel":1,"stat.mineBlock.minecraft.glass_pane":3,"stat.mineBlock.minecraft.stone_stairs":11,"stat.brewingstandInteraction":1,"stat.damageTaken":3974,"stat.craftItem.minecraft.iron_bars":16,"stat.useItem.minecraft.stone_brick_stairs":18,"stat.mineBlock.minecraft.torch":62,"stat.mineBlock.minecraft.red_flower":1,"stat.mineBlock.minecraft.furnace":20,"stat.useItem.minecraft.wooden_pickaxe":21,"stat.craftItem.minecraft.glowstone":9,"stat.damageDealt":14275,"stat.craftItem.minecraft.glass":40,"stat.mineBlock.minecraft.nether_brick_stairs":5,"stat.useItem.minecraft.crafting_table":17,"stat.killEntity.Pig":7,"stat.craftItem.minecraft.iron_sword":3,"stat.craftItem.minecraft.stone_slab":318,"stat.craftItem.minecraft.stone_shovel":2,"stat.walkOneCm":3122166,"stat.useItem.minecraft.chest":36,"stat.breakItem.minecraft.stone_pickaxe":3,"stat.useItem.minecraft.redstone_block":2,"stat.craftItem.minecraft.iron_chestplate":1,"stat.useItem.minecraft.netherrack":56,"stat.killEntity.Skeleton":8,"stat.mineBlock.minecraft.stonebrick":318,"stat.killEntity.Spider":2,"stat.mineBlock.minecraft.quartz_ore":6,"stat.mineBlock.minecraft.glowstone":49,"stat.mobKills":64,"stat.breakItem.minecraft.iron_axe":1,"stat.mineBlock.minecraft.leaves":294,"stat.breakItem.minecraft.wooden_shovel":1,"stat.mineBlock.minecraft.stone":603}