{"stat.craftItem.minecraft.cooked_rabbit":2,"stat.leaveGame":2,"stat.mineBlock.minecraft.cobblestone":15,"stat.killEntity.PigZombie":3,"stat.swimOneCm":45480,"stat.climbOneCm":58057,"stat.mineBlock.minecraft.web":3,"achievement.buildWorkBench":2,"stat.breakItem.minecraft.iron_pickaxe":10,"stat.useItem.minecraft.obsidian":10,"stat.useItem.minecraft.dirt":160,"achievement.exploreAllBiomes":{"value":0,"progress":["Birch Forest Hills","ForestHills","Roofed Forest","Birch Forest","Forest","River","Plains","Extreme Hills","Swampland","Savanna","Hell"]},"stat.useItem.minecraft.water_bucket":5,"stat.craftItem.minecraft.furnace":2,"stat.useItem.minecraft.egg":2,"achievement.diamonds":5,"stat.craftItem.minecraft.stone_pickaxe":1,"stat.craftItem.minecraft.cooked_beef":10,"stat.mineBlock.minecraft.obsidian":12,"stat.flyOneCm":24425,"achievement.buildPickaxe":13,"stat.mineBlock.minecraft.sand":68,"stat.killEntity.Witch":2,"stat.useItem.minecraft.cooked_beef":4,"stat.craftItem.minecraft.wooden_hoe":1,"achievement.buildBetterPickaxe":12,"stat.mineBlock.minecraft.iron_ore":175,"stat.craftItem.minecraft.book":2,"stat.timeSinceDeath":484561,"stat.useItem.minecraft.fence_gate":2,"stat.useItem.minecraft.iron_pickaxe":2543,"stat.craftItem.minecraft.wooden_pickaxe":1,"stat.craftItem.minecraft.bed":4,"achievement.breedCow":17,"stat.useItem.minecraft.potato":12,"stat.furnaceInteraction":138,"stat.mineBlock.minecraft.rail":67,"stat.useItem.minecraft.cooked_porkchop":16,"stat.mineBlock.minecraft.coal_ore":295,"stat.killEntity.Creeper":9,"stat.breakItem.minecraft.iron_sword":1,"stat.mineBlock.minecraft.ladder":1,"stat.useItem.minecraft.cooked_mutton":6,"achievement.buildSword":2,"achievement.mineWood":18,"stat.sprintOneCm":5707,"stat.mineBlock.minecraft.stone_slab":10,"stat.useItem.minecraft.fence":32,"stat.craftItem.minecraft.stick":88,"stat.useItem.minecraft.stone_slab":34,"stat.useItem.minecraft.bed":4,"achievement.openInventory":147,"stat.craftItem.minecraft.stone":10,"stat.mineBlock.minecraft.diamond_ore":8,"stat.mineBlock.minecraft.fence":13,"stat.useItem.minecraft.wheat_seeds":345,"stat.craftItem.minecraft.fence_gate":1,"stat.useItem.minecraft.diamond_pickaxe":12,"stat.useItem.minecraft.carrot":18,"stat.useItem.minecraft.dye":66,"stat.useItem.minecraft.bucket":5,"achievement.killEnemy":141,"achievement.buildFurnace":2,"stat.deaths":1,"stat.mineBlock.minecraft.planks":26,"stat.drop":40,"stat.playOneMinute":505231,"stat.killEntity.Sheep":12,"stat.useItem.minecraft.ladder":5,"stat.craftItem.minecraft.iron_pickaxe":10,"stat.craftItem.minecraft.diamond_pickaxe":1,"stat.killEntity.Zombie":78,"stat.craftItem.minecraft.dye":66,"stat.mineBlock.minecraft.gold_ore":29,"stat.mineBlock.minecraft.tallgrass":238,"stat.craftItem.minecraft.cooked_mutton":19,"stat.diveOneCm":23177,"stat.chestOpened":234,"stat.mineBlock.minecraft.mossy_cobblestone":28,"achievement.buildHoe":1,"stat.useItem.minecraft.stone":9,"stat.mineBlock.minecraft.netherrack":19,"stat.craftItem.minecraft.cooked_porkchop":24,"stat.craftItem.minecraft.coal":2,"stat.useItem.minecraft.rotten_flesh":4,"stat.craftItem.minecraft.diamond_sword":1,"stat.jump":3768,"stat.useItem.minecraft.sand":1,"stat.useItem.minecraft.wooden_hoe":47,"stat.fallOneCm":34208,"stat.craftItem.minecraft.bread":71,"stat.crouchOneCm":9132,"achievement.killCow":5,"stat.mineBlock.minecraft.chest":7,"stat.craftItem.minecraft.torch":172,"stat.craftItem.minecraft.iron_ingot":183,"stat.craftItem.minecraft.chest":3,"achievement.makeBread":118,"stat.craftingTableInteraction":59,"stat.useItem.minecraft.sapling":2,"stat.mineBlock.minecraft.lapis_ore":11,"stat.damageTaken":3723,"stat.craftItem.minecraft.iron_bars":16,"stat.mineBlock.minecraft.torch":20,"stat.useItem.minecraft.wooden_pickaxe":60,"stat.useItem.minecraft.furnace":2,"stat.useItem.minecraft.reeds":19,"stat.mineBlock.minecraft.sapling":4,"stat.killEntity.CaveSpider":1,"stat.mineBlock.minecraft.fence_gate":1,"stat.entityKilledBy.Zombie":1,"stat.mineBlock.minecraft.gravel":21,"stat.useItem.minecraft.stone_pickaxe":111,"stat.damageDealt":39505,"stat.craftItem.minecraft.glass":55,"stat.killEntity.Cow":8,"stat.useItem.minecraft.crafting_table":3,"stat.mineBlock.minecraft.dirt":91,"stat.killEntity.Pig":1,"stat.craftItem.minecraft.iron_sword":1,"stat.craftItem.minecraft.stone_slab":24,"stat.useItem.minecraft.iron_bars":2,"stat.walkOneCm":2624845,"stat.useItem.minecraft.torch":169,"stat.useItem.minecraft.bread":15,"stat.animalsBred":20,"stat.useItem.minecraft.chest":4,"stat.useItem.minecraft.cobblestone":127,"stat.craftItem.minecraft.crafting_table":2,"stat.mineBlock.minecraft.double_plant":3,"stat.breakItem.minecraft.stone_pickaxe":1,"stat.breakItem.minecraft.golden_helmet":1,"stat.useItem.minecraft.redstone_block":1,"stat.craftItem.minecraft.gold_ingot":16,"stat.killEntity.Skeleton":20,"stat.craftItem.minecraft.bookshelf":1,"achievement.portal":4,"stat.craftItem.minecraft.bucket":1,"stat.craftItem.minecraft.planks":40,"stat.useItem.minecraft.iron_sword":497,"stat.killEntity.Spider":32,"stat.mineBlock.minecraft.quartz_ore":34,"stat.mobKills":174,"stat.mineBlock.minecraft.log":10,"stat.craftItem.minecraft.fence":24,"stat.useItem.minecraft.wooden_door":1,"stat.useItem.minecraft.mossy_cobblestone":4,"achievement.acquireIron":14,"stat.mineBlock.minecraft.leaves":41,"stat.craftItem.minecraft.paper":45,"stat.mineBlock.minecraft.redstone_ore":118,"stat.craftItem.minecraft.brick":210,"stat.mineBlock.minecraft.stone":1848,"stat.breakItem.minecraft.wooden_pickaxe":1}