{"stat.useItem.minecraft.bow":174,"stat.useItem.minecraft.painting":19,"stat.pigOneCm":73822,"stat.leaveGame":8,"stat.useItem.minecraft.bookshelf":18,"stat.craftItem.minecraft.iron_axe":1,"stat.useItem.minecraft.planks":2,"stat.mineBlock.minecraft.web":8,"stat.mineBlock.minecraft.red_mushroom":1,"stat.useItem.minecraft.water_bucket":7,"achievement.diamondsToYou":1,"achievement.diamonds":9,"stat.craftItem.minecraft.lit_pumpkin":2,"stat.killEntity.Enderman":1,"stat.mineBlock.minecraft.wooden_slab":1,"stat.craftItem.minecraft.stone_sword":1,"stat.useItem.minecraft.anvil":1,"stat.craftItem.minecraft.iron_shovel":2,"achievement.buildPickaxe":6,"stat.mineBlock.minecraft.sand":2,"stat.killEntity.Witch":1,"stat.craftItem.minecraft.wooden_hoe":1,"stat.craftItem.minecraft.cooked_fish":1,"achievement.buildBetterPickaxe":6,"stat.useItem.minecraft.fence_gate":1,"stat.useItem.minecraft.iron_pickaxe":808,"stat.craftItem.minecraft.wooden_pickaxe":1,"stat.craftItem.minecraft.iron_door":3,"stat.useItem.minecraft.iron_shovel":254,"achievement.breedCow":50,"stat.craftItem.minecraft.golden_carrot":1,"stat.furnaceInteraction":121,"stat.useItem.minecraft.cooked_mutton":19,"achievement.mineWood":81,"stat.useItem.minecraft.fence":84,"stat.useItem.minecraft.stone_stairs":174,"achievement.openInventory":421,"stat.mineBlock.minecraft.fence":41,"stat.useItem.minecraft.wheat_seeds":77,"stat.craftItem.minecraft.fence_gate":1,"stat.useItem.minecraft.wooden_button":3,"stat.useItem.minecraft.dye":20,"stat.deaths":4,"stat.playOneMinute":1089374,"stat.craftItem.minecraft.wooden_shovel":1,"stat.craftItem.minecraft.iron_pickaxe":5,"stat.useItem.minecraft.shears":5,"stat.useItem.minecraft.jukebox":1,"stat.mineBlock.minecraft.tallgrass":85,"stat.craftItem.minecraft.cooked_mutton":6,"stat.fishCaught":1,"stat.chestOpened":519,"stat.recordPlayed":2,"stat.useItem.minecraft.stone":7,"stat.craftItem.minecraft.carpet":30,"stat.breakItem.minecraft.carrot_on_a_stick":1,"stat.craftItem.minecraft.coal":52,"stat.fallOneCm":92329,"stat.crouchOneCm":1569,"achievement.killCow":40,"stat.mineBlock.minecraft.chest":3,"stat.craftItem.minecraft.iron_ingot":81,"stat.craftItem.minecraft.chest":4,"stat.craftingTableInteraction":149,"stat.mineBlock.minecraft.wooden_pressure_plate":6,"stat.mineBlock.minecraft.log2":1,"achievement.bakeCake":1,"stat.craftItem.minecraft.wooden_button":3,"stat.useItem.minecraft.furnace":12,"stat.mineBlock.minecraft.gravel":204,"stat.useItem.minecraft.stone_pickaxe":173,"stat.useItem.minecraft.stone_sword":45,"stat.useItem.minecraft.enchanting_table":2,"stat.craftItem.minecraft.iron_leggings":1,"stat.killEntity.Rabbit":5,"stat.useItem.minecraft.record_13":2,"stat.mineBlock.minecraft.dirt":399,"stat.useItem.minecraft.torch":272,"stat.useItem.minecraft.bread":9,"stat.craftItem.minecraft.stone_stairs":164,"stat.useItem.minecraft.cobblestone":461,"stat.craftItem.minecraft.crafting_table":4,"stat.craftItem.minecraft.leather_boots":1,"stat.useItem.minecraft.gravel":45,"stat.mineBlock.minecraft.double_plant":8,"stat.useItem.minecraft.cooked_fish":1,"stat.craftItem.minecraft.gold_ingot":29,"stat.craftItem.minecraft.carrot_on_a_stick":2,"achievement.portal":2,"stat.craftItem.minecraft.bucket":3,"stat.craftItem.minecraft.planks":566,"stat.useItem.minecraft.iron_sword":572,"stat.itemEnchanted":3,"stat.craftItem.minecraft.fishing_rod":4,"stat.useItem.minecraft.wooden_pressure_plate":6,"stat.craftItem.minecraft.wooden_door":6,"stat.mineBlock.minecraft.log":80,"stat.craftItem.minecraft.cooked_chicken":12,"stat.useItem.minecraft.wooden_door":6,"stat.craftItem.minecraft.sugar":23,"achievement.acquireIron":9,"stat.craftItem.minecraft.paper":105,"stat.craftItem.minecraft.golden_boots":1,"stat.useItem.minecraft.wooden_axe":29,"stat.useItem.minecraft.fishing_rod":30,"stat.craftItem.minecraft.enchanting_table":1,"stat.craftItem.minecraft.leather_leggings":1,"stat.craftItem.minecraft.cooked_rabbit":2,"stat.useItem.minecraft.iron_axe":160,"stat.mineBlock.minecraft.cobblestone":236,"stat.mineBlock.minecraft.pumpkin":7,"stat.mineBlock.minecraft.yellow_flower":5,"stat.mineBlock.minecraft.brown_mushroom":7,"stat.useItem.minecraft.diamond_sword":14,"stat.swimOneCm":79807,"stat.craftItem.minecraft.clock":1,"stat.climbOneCm":52137,"achievement.buildWorkBench":3,"stat.craftItem.minecraft.gold_block":4,"stat.breakItem.minecraft.iron_pickaxe":2,"stat.craftItem.minecraft.arrow":92,"stat.useItem.minecraft.dirt":164,"achievement.exploreAllBiomes":{"value":0,"progress":["Savanna Plateau","ForestHills","DesertHills","Birch Forest","Extreme Hills+","Forest","River","Plains","Desert","Extreme Hills","Savanna","Hell"]},"stat.craftItem.minecraft.furnace":5,"stat.useItem.minecraft.egg":18,"stat.craftItem.minecraft.stone_pickaxe":3,"stat.craftItem.minecraft.cooked_beef":61,"stat.mineBlock.minecraft.obsidian":6,"stat.craftItem.minecraft.bow":4,"stat.useItem.minecraft.stone_shovel":52,"stat.flyOneCm":86376,"stat.craftItem.minecraft.glass_bottle":9,"stat.useItem.minecraft.cooked_beef":21,"stat.mineBlock.minecraft.iron_ore":136,"stat.craftItem.minecraft.book":45,"stat.timeSinceDeath":90578,"stat.craftItem.minecraft.painting":10,"stat.useItem.minecraft.sign":3,"stat.useItem.minecraft.iron_door":4,"stat.craftItem.minecraft.iron_block":3,"stat.craftItem.minecraft.cake":1,"stat.mineBlock.minecraft.enchanting_table":1,"stat.useItem.minecraft.cooked_porkchop":5,"stat.mineBlock.minecraft.coal_ore":513,"stat.killEntity.Creeper":16,"stat.mineBlock.minecraft.ladder":8,"achievement.buildSword":4,"stat.killEntity.Squid":3,"stat.sprintOneCm":640699,"stat.craftItem.minecraft.stick":372,"stat.mineBlock.minecraft.diamond_ore":6,"stat.mineBlock.minecraft.crafting_table":3,"stat.useItem.minecraft.diamond_pickaxe":2175,"stat.useItem.minecraft.wooden_shovel":30,"stat.craftItem.minecraft.wooden_pressure_plate":3,"stat.useItem.minecraft.bucket":11,"achievement.killEnemy":117,"achievement.buildFurnace":3,"stat.mineBlock.minecraft.planks":7,"stat.drop":4,"stat.killEntity.Sheep":3,"stat.breakItem.minecraft.iron_shovel":1,"stat.useItem.minecraft.ladder":21,"stat.craftItem.minecraft.diamond_pickaxe":1,"stat.killEntity.Zombie":50,"stat.craftItem.minecraft.dye":48,"stat.mineBlock.minecraft.gold_ore":19,"stat.diveOneCm":32811,"stat.mineBlock.minecraft.mossy_cobblestone":40,"stat.craftItem.minecraft.jukebox":1,"stat.craftItem.minecraft.ladder":30,"achievement.buildHoe":1,"stat.craftItem.minecraft.cooked_porkchop":7,"stat.useItem.minecraft.glass_bottle":9,"stat.useItem.minecraft.apple":3,"stat.mineBlock.minecraft.deadbush":1,"stat.useItem.minecraft.porkchop":1,"stat.useItem.minecraft.carpet":30,"stat.craftItem.minecraft.diamond_sword":1,"stat.jump":3540,"stat.useItem.minecraft.wooden_hoe":10,"achievement.flyPig":1,"stat.craftItem.minecraft.bread":1,"stat.craftItem.minecraft.torch":204,"stat.craftItem.minecraft.iron_helmet":1,"achievement.makeBread":1,"stat.craftItem.minecraft.fermented_spider_eye":7,"stat.useItem.minecraft.cooked_chicken":1,"stat.useItem.minecraft.sapling":10,"stat.mineBlock.minecraft.iron_bars":2,"stat.mineBlock.minecraft.lapis_ore":15,"stat.mineBlock.minecraft.stone_stairs":31,"stat.brewingstandInteraction":4,"stat.damageTaken":5118,"stat.mineBlock.minecraft.torch":55,"stat.mineBlock.minecraft.furnace":14,"stat.mineBlock.minecraft.red_flower":3,"stat.useItem.minecraft.wooden_pickaxe":14,"stat.useItem.minecraft.carrot_on_a_stick":3,"stat.craftItem.minecraft.birch_fence":99,"stat.useItem.minecraft.birch_fence":113,"stat.entityKilledBy.Zombie":2,"stat.damageDealt":36245,"stat.craftItem.minecraft.anvil":1,"stat.killEntity.Cow":53,"stat.useItem.minecraft.crafting_table":5,"stat.killEntity.Pig":15,"stat.craftItem.minecraft.iron_sword":4,"stat.walkOneCm":3913625,"stat.animalsBred":53,"stat.mineBlock.minecraft.birch_fence":14,"stat.playerKills":1,"stat.useItem.minecraft.chest":6,"stat.useItem.minecraft.pumpkin":4,"achievement.enchantments":1,"stat.breakItem.minecraft.stone_pickaxe":1,"stat.craftItem.minecraft.iron_chestplate":1,"stat.killEntity.Skeleton":45,"stat.mineBlock.minecraft.cactus":9,"stat.craftItem.minecraft.bookshelf":17,"stat.killEntity.Chicken":21,"stat.killEntity.Spider":18,"stat.mobKills":233,"stat.mineBlock.minecraft.bookshelf":3,"stat.craftItem.minecraft.shears":1,"stat.craftItem.minecraft.fence":57,"stat.mineBlock.minecraft.leaves":140,"achievement.bookcase":17,"stat.mineBlock.minecraft.redstone_ore":40,"stat.craftItem.minecraft.map":1,"stat.craftItem.minecraft.compass":1,"achievement.cookFish":1,"stat.mineBlock.minecraft.stone":1885}